{"train_loss":{"0":0.9026528489,"1":0.8063368784,"2":0.7335422599,"3":0.9159353235,"4":0.8806486043,"5":0.8566802349,"6":0.887893451,"7":0.8489519184,"8":0.822127251,"9":0.8339240394,"10":0.7949329038,"11":0.7781153742,"12":0.7624299272,"13":0.7554658067,"14":0.7363750369,"15":0.7228696203,"16":1.222421933,"17":0.9793326173,"18":0.8860893943,"19":0.8779923053},"train_acc":{"0":0.612035415,"1":0.6178446347,"2":0.6554094503,"3":0.5855105192,"4":0.6011097707,"5":0.6051756401,"6":0.6011675577,"7":0.6133294549,"8":0.6172596222,"9":0.6114452082,"10":0.6178069757,"11":0.6140553639,"12":0.6163110059,"13":0.6144046832,"14":0.6205125774,"15":0.6251770945,"16":0.5707150918,"17":0.5580720689,"18":0.5748809522,"19":0.5723883184},"train_f1":{"0":0.7325615354,"1":0.7360737002,"2":0.7637696767,"3":0.7120186244,"4":0.7242348765,"5":0.7272090924,"6":0.7242609621,"7":0.733492132,"8":0.7361098786,"9":0.7316853009,"10":0.7361501509,"11":0.7329952843,"12":0.7345434544,"13":0.7329714446,"14":0.7374902572,"15":0.7409465046,"16":0.6993258231,"17":0.6894551725,"18":0.7028324617,"19":0.7009352828},"train_class_acc":{"0":[0.6347427549,0.6136754981,0.4493813555],"1":[0.6665735126,0.617182658,0.5797224866],"2":[0.685828466,0.6548101849,0.6454440715],"3":[0.6032473521,0.5862865065,0.4960176326],"4":[0.5908392253,0.6025632043,0.5114461754],"5":[0.5964284716,0.6061889312,0.545509192],"6":[0.5944722354,0.6025766779,0.5083905225],"7":[0.5854176564,0.6147331702,0.5589841206],"8":[0.6080541039,0.617917639,0.5848319391],"9":[0.6074113406,0.6119293286,0.5826779542],"10":[0.637285862,0.617436634,0.6104292942],"11":[0.6564569768,0.6129007701,0.6239042228],"12":[0.6691445659,0.614671192,0.64354055],"13":[0.6792611016,0.6123537448,0.6506537094],"14":[0.6886510354,0.6182605403,0.6658317888],"15":[0.7009753235,0.6226791845,0.6750488404],"16":[0.6266662941,0.5692627015,0.5784200771],"17":[0.6085291898,0.5573035964,0.524770826],"18":[0.6389067434,0.5737608395,0.5434052998],"19":[0.6319481318,0.5714750551,0.5335370435]},"valid_loss":{"0":0.857450315,"1":0.7804643531,"2":0.719454991,"3":0.8987168016,"4":0.8650969688,"5":0.897465559,"6":0.8515156027,"7":0.808514549,"8":0.8000506837,"9":0.8934720905,"10":0.7700074745,"11":0.7758692751,"12":0.7935281717,"13":0.734307902,"14":0.7253400108,"15":0.6896372326,"16":3.1709521368,"17":0.798506975,"18":0.9180046372,"19":0.8250302063},"valid_acc":{"0":0.4891055359,"1":0.620127391,"2":0.7188534809,"3":0.392091628,"4":0.7034048853,"5":0.3752561455,"6":0.7097062605,"7":0.5403989248,"8":0.7240796291,"9":0.4167926292,"10":0.462499513,"11":0.8083115821,"12":0.5679282403,"13":0.5910670459,"14":0.6541236511,"15":0.651540769,"16":0.3295492618,"17":0.6698449492,"18":0.6805270949,"19":0.6166523823},"valid_f1":{"0":0.6279735302,"1":0.7376223282,"2":0.8089906778,"3":0.5341951894,"4":0.8009422815,"5":0.5153270652,"6":0.8041079624,"7":0.6734390685,"8":0.8132075062,"9":0.5584445772,"10":0.6025608899,"11":0.867310165,"12":0.6962106611,"13":0.714189851,"14":0.7625254951,"15":0.7619129349,"16":0.4757494658,"17":0.7744882498,"18":0.7826689223,"19":0.7349781708},"valid_class_acc":{"0":[0.8452910959,0.4818266844,0.4054946705],"1":[0.7882705479,0.6175230638,0.5188410149],"2":[0.7342465753,0.7207735148,0.5491667918],"3":[0.7431506849,0.381810322,0.5406095181],"4":[0.3483732877,0.7125580005,0.645698844],"5":[0.9054794521,0.3624502312,0.397237652],"6":[0.4827910959,0.7171960189,0.5509683231],"7":[0.7504280822,0.5351335955,0.5634289146],"8":[0.5753424658,0.7301283333,0.5353550518],"9":[0.916609589,0.4052852402,0.3955862483],"10":[0.7483732877,0.4527360471,0.6868338087],"11":[0.5269691781,0.8187880147,0.5230445879],"12":[0.8642979452,0.5627657619,0.4319171296],"13":[0.8070205479,0.5862022992,0.5739378472],"14":[0.8038527397,0.6520031755,0.5491667918],"15":[0.6134417808,0.6508295306,0.7712055247],"16":[0.2758561644,0.3302244874,0.3735174899],"17":[0.7908390411,0.6705734296,0.4035430116],"18":[0.6886130137,0.6851035979,0.3262272932],"19":[0.7643835616,0.6153797984,0.4521843567]}}