{"train_loss":{"0":0.9208550906,"1":0.8284050481,"2":0.7134325566,"3":0.669907782,"4":0.6531055215,"5":0.6441910906,"6":0.6668498585,"7":0.6321566691,"8":0.7549140944,"9":0.6914730768,"10":0.6375603886,"11":0.6740743851,"12":1.2015047594,"13":0.9796000577,"14":0.7952965688,"15":0.8098367617,"16":0.7548083926,"17":0.7341059725,"18":0.7157125052,"19":0.7226888399},"train_acc":{"0":0.6144384464,"1":0.6092856614,"2":0.6704405709,"3":0.6960239927,"4":0.6990957953,"5":0.7042063763,"6":0.6768192201,"7":0.6989860649,"8":0.6711288209,"9":0.6765198963,"10":0.699725609,"11":0.6888668418,"12":0.5469360538,"13":0.5626203626,"14":0.6085915678,"15":0.5983100216,"16":0.6117250532,"17":0.6182186272,"18":0.6395465861,"19":0.6381947592},"train_f1":{"0":0.7348365093,"1":0.7295996365,"2":0.7746831111,"3":0.7927997516,"4":0.7949169429,"5":0.7984221329,"6":0.7788343008,"7":0.794583458,"8":0.7752583083,"9":0.7789566875,"10":0.7951703927,"11":0.7874696318,"12":0.6798486795,"13":0.6936023098,"14":0.7287549398,"15":0.7208497496,"16":0.7308061789,"17":0.7356077143,"18":0.7518270388,"19":0.7507742795},"train_class_acc":{"0":[0.6119106838,0.6171860263,0.4146671342],"1":[0.6727216835,0.6087401441,0.5361418624],"2":[0.6843193695,0.6702474818,0.6599208536],"3":[0.6894614761,0.6962776679,0.6889245103],"4":[0.6960567867,0.6991185617,0.702850273],"5":[0.7032669145,0.7041920194,0.7069578721],"6":[0.7184696644,0.6755520105,0.6963883184],"7":[0.718665288,0.6983121709,0.7138205681],"8":[0.6882038957,0.6709932417,0.6506036167],"9":[0.6983204315,0.6760229104,0.6743976356],"10":[0.7217114272,0.6991441614,0.7035515704],"11":[0.7132157729,0.6880520779,0.7058057406],"12":[0.5988318475,0.5453155231,0.5744126634],"13":[0.5778442277,0.5629402476,0.5115463608],"14":[0.6713802644,0.6070680791,0.6093272554],"15":[0.6571556326,0.5967911441,0.6057706758],"16":[0.6875331861,0.6094542412,0.6446926815],"17":[0.6940167118,0.615724822,0.667785403],"18":[0.6937651958,0.6376873494,0.6806091269],"19":[0.696084733,0.6362045875,0.6824124631]},"valid_loss":{"0":0.8495502477,"1":0.73274962,"2":0.661155966,"3":0.664162106,"4":0.6767685865,"5":0.631217203,"6":0.645985862,"7":0.6151616327,"8":0.8423946642,"9":0.6335368619,"10":0.6489729862,"11":0.6087177063,"12":1.2278206012,"13":0.8161056387,"14":0.7738390938,"15":0.7873097615,"16":0.7446401898,"17":0.695965685,"18":0.9819497816,"19":0.7103288156},"valid_acc":{"0":0.6785441583,"1":0.6729810277,"2":0.6934239744,"3":0.6652440687,"4":0.6413787058,"5":0.6737290116,"6":0.7146226966,"7":0.6664342203,"8":0.5837410885,"9":0.677100783,"10":0.72213565,"11":0.6941096264,"12":0.3484319607,"13":0.7553683431,"14":0.653533445,"15":0.6261034711,"16":0.506895477,"17":0.8088745179,"18":0.4498578051,"19":0.5909969224},"valid_f1":{"0":0.7819455916,"1":0.7766987873,"2":0.791066499,"3":0.7703418119,"4":0.7560384717,"5":0.7766926784,"6":0.8067569095,"7":0.7721229087,"8":0.7103689076,"9":0.7791420189,"10":0.810846518,"11":0.7910252596,"12":0.4904961356,"13":0.8353036544,"14":0.7624925363,"15":0.7420002837,"16":0.6428855889,"17":0.8694484965,"18":0.601679304,"19":0.7140852257},"valid_class_acc":{"0":[0.608989726,0.683269399,0.4493319321],"1":[0.7165239726,0.6729712204,0.5973577541],"2":[0.7095034247,0.6932726512,0.6764750038],"3":[0.8102739726,0.6626892023,0.6008106891],"4":[0.6115582192,0.6400162411,0.7949256868],"5":[0.7387842466,0.6715430501,0.7221137967],"6":[0.6446061644,0.7159072316,0.741930641],"7":[0.6946061644,0.6642567555,0.7788620327],"8":[0.6559931507,0.5824631999,0.5520192163],"9":[0.745890411,0.6750478245,0.7090526948],"10":[0.7982020548,0.7222501661,0.5802432067],"11":[0.7734589041,0.6922000085,0.6968923585],"12":[0.5066780822,0.3410498971,0.6195766401],"13":[0.4546232877,0.7643236189,0.6171745984],"14":[0.7494006849,0.6531909607,0.5108842516],"15":[0.8405821918,0.6239124594,0.4128509233],"16":[0.9044520548,0.4972921325,0.5234949707],"17":[0.5435787671,0.8169558358,0.6734724516],"18":[0.334760274,0.4462113086,0.9226842816],"19":[0.7443493151,0.5861982591,0.6787269179]}}