{"train_loss":{"0":0.9130342122,"1":0.8361290826,"2":0.7743891479,"3":0.7378390073,"4":0.7125870619,"5":0.6935234176,"6":0.6829553321,"7":0.6687826647,"8":0.6576902807,"9":0.6501953818,"10":0.6424088378,"11":0.6330961992,"12":0.6245276739,"13":0.6177348368,"14":0.6112758575,"15":0.6044595344,"16":0.6054103317,"17":0.5908659073,"18":0.5841601474,"19":0.5749219754,"20":0.5673726405,"21":0.5592053507,"22":0.5509130378,"23":0.5419659881,"24":0.5341822756,"25":0.5252100797,"26":0.5210402422,"27":0.5117146322,"28":0.5025031983,"29":0.4963907676,"30":0.4872607394,"31":0.4785140462,"32":0.4680363369,"33":0.4601113188,"34":0.4508758891,"35":0.4400235915,"36":0.4322494009,"37":0.4237399795,"38":0.417338968,"39":0.4058961813},"train_acc":{"0":0.6367156709,"1":0.6294104814,"2":0.6259867622,"3":0.6465290773,"4":0.6650449505,"5":0.6800656824,"6":0.6865352326,"7":0.6947987778,"8":0.7003820437,"9":0.7050387693,"10":0.7081664111,"11":0.7098266519,"12":0.7102882988,"13":0.7095468068,"14":0.7109570701,"15":0.7089916618,"16":0.7071431261,"17":0.709098795,"18":0.7082384825,"19":0.7099506668,"20":0.7106252816,"21":0.7112070477,"22":0.713367893,"23":0.7122115031,"24":0.7102123316,"25":0.7129244263,"26":0.712277731,"27":0.7129887062,"28":0.71520604,"29":0.7150567027,"30":0.7148307489,"31":0.7151424093,"32":0.7181590221,"33":0.7184947063,"34":0.7219476437,"35":0.723298172,"36":0.7259167685,"37":0.7303910429,"38":0.7331148248,"39":0.7367625498},"train_f1":{"0":0.7515480093,"1":0.745082711,"2":0.741965612,"3":0.7571620768,"4":0.7707386821,"5":0.7815505625,"6":0.7861171539,"7":0.7919079684,"8":0.7957984482,"9":0.799068788,"10":0.8011506475,"11":0.8022890039,"12":0.8025463933,"13":0.8019886478,"14":0.8029599342,"15":0.8015230317,"16":0.8002351779,"17":0.8015608765,"18":0.8009140235,"19":0.8020891432,"20":0.8025588059,"21":0.8028940276,"22":0.8043771762,"23":0.8035488456,"24":0.8021375272,"25":0.8039507115,"26":0.8034924902,"27":0.8039478263,"28":0.8054483835,"29":0.8053333437,"30":0.8051464294,"31":0.8053011764,"32":0.807371899,"33":0.8075821554,"34":0.8099474384,"35":0.8108334119,"36":0.8126271211,"37":0.8156751455,"38":0.8175285319,"39":0.8199818028},"train_class_acc":{"0":[0.6142861135,0.6402284572,0.4157190803],"1":[0.6668529749,0.6302021299,0.503431348],"2":[0.6815247464,0.6249285903,0.605119471],"3":[0.6924237767,0.6454602288,0.6437409207],"4":[0.6896291535,0.6644821584,0.6628262285],"5":[0.6924517229,0.6798662348,0.6726944848],"6":[0.6964759802,0.6864157177,0.6776035666],"7":[0.6985160551,0.6948245477,0.6862195061],"8":[0.7022887964,0.7004564832,0.6914291439],"9":[0.7006958612,0.7052557545,0.6966888744],"10":[0.7112036442,0.7081727738,0.7022491609],"11":[0.7146689769,0.7097613029,0.7060061113],"12":[0.7181902021,0.710042226,0.7144216801],"13":[0.7238353408,0.7091179419,0.7158242749],"14":[0.7270771037,0.7104396952,0.720532986],"15":[0.7317441243,0.7081235954,0.7327555979],"16":[0.7339798228,0.7061349024,0.7340079146],"17":[0.7390380907,0.7079565236,0.7403696839],"18":[0.7403515636,0.7069574614,0.7459299704],"19":[0.7474778526,0.7084604336,0.7534939638],"20":[0.7489869491,0.7090007222,0.7626609227],"21":[0.7530670989,0.7093678759,0.7729299204],"22":[0.7573428723,0.7114454942,0.7774883535],"23":[0.7590475924,0.7100954465,0.7856033662],"24":[0.7647486236,0.7077214105,0.7976757],"25":[0.7693597518,0.7103332543,0.8044382107],"26":[0.7731045469,0.7095228215,0.8080949757],"27":[0.7768772881,0.7100893834,0.8140560036],"28":[0.7832210826,0.7121286021,0.8221209237],"29":[0.7856244585,0.7117937849,0.8311876972],"30":[0.7904312104,0.7113680214,0.8367980764],"31":[0.7959925104,0.7114326943,0.8460652207],"32":[0.8015258642,0.7143510609,0.8518759705],"33":[0.8050470894,0.7145026381,0.860191354],"34":[0.8095184864,0.717897294,0.8661523819],"35":[0.818042087,0.7190081865,0.8724640585],"36":[0.8227929464,0.7214724951,0.8827330562],"37":[0.8247771288,0.7260211588,0.8861393578],"38":[0.8299192354,0.7286653391,0.8904473276],"39":[0.8357041053,0.7321826041,0.8999649351]},"valid_loss":{"0":0.8728124386,"1":0.8163014172,"2":0.7354439159,"3":0.7096790765,"4":0.7025468103,"5":0.6847124634,"6":0.6655994398,"7":0.6529114262,"8":0.648637402,"9":0.6389014523,"10":0.6330188006,"11":0.6209897004,"12":0.6050891673,"13":0.6047189166,"14":0.6177046092,"15":0.5946065978,"16":0.5988191982,"17":0.5827368515,"18":0.5736068141,"19":0.5657511325,"20":0.5715469323,"21":0.5511371485,"22":0.5455895287,"23":0.5402336279,"24":0.5440627555,"25":0.5377835552,"26":0.5168431803,"27":0.5000726627,"28":0.4991827961,"29":0.4822857168,"30":0.4808596712,"31":0.4623248553,"32":0.4908725248,"33":0.461032679,"34":0.445294745,"35":0.4589662766,"36":0.4317594229,"37":0.4504807063,"38":0.4393019787,"39":0.401425383},"valid_acc":{"0":0.6400463594,"1":0.6046359422,"2":0.6433246328,"3":0.607082473,"4":0.7815867389,"5":0.6589251626,"6":0.6346429545,"7":0.6856149441,"8":0.7348241069,"9":0.7421831782,"10":0.7127761113,"11":0.7105516382,"12":0.7379777163,"13":0.7451147298,"14":0.6876816393,"15":0.7746600958,"16":0.7258366123,"17":0.7272488215,"18":0.711161323,"19":0.7289765865,"20":0.6679710935,"21":0.7467528926,"22":0.712842339,"23":0.7331119249,"24":0.6904943706,"25":0.6812302778,"26":0.7009992598,"27":0.7566286182,"28":0.7232361993,"29":0.7183080759,"30":0.7218356773,"31":0.7187307647,"32":0.7177490358,"33":0.7062780007,"34":0.7332054229,"35":0.7086621995,"36":0.7623319958,"37":0.6830924461,"38":0.7327632553,"39":0.7705306011},"valid_f1":{"0":0.7536386497,"1":0.7262861181,"2":0.755531438,"3":0.7269026668,"4":0.8518265994,"5":0.7660940134,"6":0.7475932806,"7":0.7851756125,"8":0.819504429,"9":0.8253091513,"10":0.804792808,"11":0.8029473213,"12":0.821850786,"13":0.826859731,"14":0.7866328336,"15":0.8466900444,"16":0.8140692787,"17":0.8141402139,"18":0.8031522377,"19":0.8157115534,"20":0.7719994556,"21":0.8274226005,"22":0.8044254274,"23":0.8184473829,"24":0.7880914452,"25":0.7813922002,"26":0.7957176508,"27":0.8346262962,"28":0.8115443764,"29":0.8078296505,"30":0.8100618097,"31":0.8078688555,"32":0.8074267573,"33":0.7990845868,"34":0.8178783345,"35":0.8013530147,"36":0.8376382004,"37":0.783158888,"38":0.8182689112,"39":0.8430794591},"valid_class_acc":{"0":[0.7120719178,0.642034264,0.3660111094],"1":[0.6315924658,0.6041281596,0.59510584],"2":[0.6565068493,0.6426059361,0.6736225792],"3":[0.7223458904,0.603297922,0.6862332983],"4":[0.5601027397,0.7882954676,0.6713706651],"5":[0.7620719178,0.6568997594,0.6285842967],"6":[0.7532534247,0.6310593711,0.6929890407],"7":[0.7696917808,0.6842167991,0.6420957814],"8":[0.7290239726,0.7362046223,0.6423960366],"9":[0.6489726027,0.744676682,0.7203122654],"10":[0.6922089041,0.7132286547,0.7152079267],"11":[0.727140411,0.7101925303,0.7081519291],"12":[0.7007705479,0.7389902614,0.7279687735],"13":[0.677140411,0.7467997471,0.7390782165],"14":[0.7595034247,0.6858792944,0.6956913376],"15":[0.6553082192,0.7778720464,0.7452334484],"16":[0.6913527397,0.7262821717,0.7531902117],"17":[0.747260274,0.7270336277,0.7081519291],"18":[0.7459760274,0.7097824616,0.7525897012],"19":[0.7202910959,0.7288112654,0.7564930191],"20":[0.7962328767,0.6637901256,0.7537907221],"21":[0.745890411,0.7468866089,0.7383275784],"22":[0.7421232877,0.7110369082,0.7956763249],"23":[0.7404965753,0.7323059395,0.7800630536],"24":[0.8150684932,0.6867277124,0.7519891908],"25":[0.8101883562,0.6770678674,0.7644497823],"26":[0.7870719178,0.6974763604,0.8118901066],"27":[0.7258561644,0.7563080889,0.8344092479],"28":[0.758989726,0.7209371383,0.8314066957],"29":[0.8016267123,0.7148770097,0.8272031227],"30":[0.8053938356,0.718472686,0.8252514637],"31":[0.8191780822,0.7149032702,0.827052995],"32":[0.7946917808,0.7144447205,0.8284041435],"33":[0.8302226027,0.7014033238,0.85122354],"34":[0.8077910959,0.729877848,0.8497222639],"35":[0.7890410959,0.7044737889,0.8789971476],"36":[0.8016267123,0.760180511,0.8533253265],"37":[0.8089041096,0.677001206,0.9151779012],"38":[0.7851027397,0.7293021358,0.8982134815],"39":[0.8098458904,0.7680627183,0.8850022519]}}