{"train_loss":{"0":0.9003670357,"1":0.777875277,"2":0.7356154096,"3":0.7064640468,"4":0.6779760813,"5":0.683179988,"6":0.6636747853,"7":0.7511691265,"8":0.7074612651,"9":0.7889411204,"10":0.656083041,"11":0.6295560556,"12":0.615230094,"13":0.6059136227,"14":0.5944716657,"15":0.5830916031,"16":0.5742074048,"17":0.5625461006,"18":0.5517964653,"19":0.5419247391},"train_acc":{"0":0.6179095639,"1":0.6270561469,"2":0.651310467,"3":0.6776425229,"4":0.6950455089,"5":0.6942858367,"6":0.6977069587,"7":0.6360689756,"8":0.6663279524,"9":0.6036764238,"10":0.7009456295,"11":0.7089501071,"12":0.7127270413,"13":0.712393305,"14":0.7105265892,"15":0.7110648526,"16":0.7087222054,"17":0.7087702531,"18":0.7070866377,"19":0.7077424231},"train_f1":{"0":0.7372210082,"1":0.7428257226,"2":0.7608040458,"3":0.779841466,"4":0.7921603286,"5":0.7916543869,"6":0.7938960368,"7":0.7494987822,"8":0.7716040072,"9":0.7246377362,"10":0.7962336989,"11":0.8016870185,"12":0.8042345126,"13":0.8039928146,"14":0.8026123955,"15":0.8029375739,"16":0.8012934778,"17":0.8012748629,"18":0.8000269262,"19":0.8004520402},"train_class_acc":{"0":[0.6178632311,0.6200835089,0.4563442368],"1":[0.6797361876,0.6260509353,0.6073736412],"2":[0.6836207137,0.6505828649,0.6474978711],"3":[0.6912500349,0.6775353141,0.661223263],"4":[0.6980409692,0.6951586912,0.6812603316],"5":[0.6963921415,0.6945153302,0.6734458749],"6":[0.7063130537,0.6976203051,0.6887241397],"7":[0.6871978314,0.6348599292,0.6343234985],"8":[0.6979850767,0.6655418515,0.6680358664],"9":[0.6863594444,0.6012697455,0.6344236838],"10":[0.7012268396,0.700990035,0.6971397085],"11":[0.7136908588,0.7087211464,0.7174773331],"12":[0.7205656317,0.7123987464,0.7230877123],"13":[0.7230807926,0.7117937849,0.7378149577],"14":[0.7318559092,0.709534274,0.7460802485],"15":[0.7364390912,0.7098805437,0.7536442418],"16":[0.742810832,0.7071959429,0.7611080499],"17":[0.744990638,0.7070416709,0.772378901],"18":[0.7531229914,0.7049451897,0.7838000301],"19":[0.7586004527,0.7053237959,0.7964233833]},"valid_loss":{"0":0.8140935865,"1":0.7352210311,"2":0.7151733258,"3":0.6705517516,"4":0.6654848694,"5":0.6793861471,"6":0.6410223025,"7":0.7225611136,"8":0.8060164245,"9":0.7268737704,"10":0.6426823475,"11":0.641369266,"12":0.600912163,"13":0.6006341948,"14":0.6038637078,"15":0.5882476911,"16":0.5626980609,"17":0.5500960113,"18":0.5472106053,"19":0.5316880625},"valid_acc":{"0":0.6823912112,"1":0.6036990144,"2":0.7466477074,"3":0.6939654837,"4":0.7052027738,"5":0.7070298804,"6":0.7479586271,"7":0.6614827223,"8":0.6198702715,"9":0.6521270794,"10":0.7230277767,"11":0.7261248977,"12":0.7230511512,"13":0.6532139935,"14":0.7125482099,"15":0.6460127001,"16":0.6417390627,"17":0.717123768,"18":0.7428980482,"19":0.7272994663},"valid_f1":{"0":0.7839874199,"1":0.7240871191,"2":0.8278367874,"3":0.7913914043,"4":0.8005971707,"5":0.8035893494,"6":0.8281828589,"7":0.7709113723,"8":0.7402121432,"9":0.7638804845,"10":0.8126486973,"11":0.8133137994,"12":0.8113862974,"13":0.7624965151,"14":0.8052306924,"15":0.7562267383,"16":0.7523799979,"17":0.80744397,"18":0.8254169365,"19":0.8146960389},"valid_class_acc":{"0":[0.6901541096,0.6850450167,0.4715508182],"1":[0.784760274,0.599669925,0.5856478006],"2":[0.6538527397,0.7507590311,0.6038132413],"3":[0.7226883562,0.69368474,0.6644647951],"4":[0.6283390411,0.7067160365,0.7275183906],"5":[0.5879280822,0.7089764645,0.7712055247],"6":[0.7256849315,0.7498681922,0.6450983336],"7":[0.5804794521,0.662301354,0.7426812791],"8":[0.514640411,0.6211450007,0.7096532052],"9":[0.5419520548,0.6529808763,0.7818645849],"10":[0.6517979452,0.72478734,0.7171595856],"11":[0.7534246575,0.7268174831,0.6267827654],"12":[0.7376712329,0.7229369807,0.705900015],"13":[0.7075342466,0.6497669881,0.8141420207],"14":[0.6836472603,0.7123559962,0.7775108843],"15":[0.7604452055,0.6414585518,0.7838162438],"16":[0.8223458904,0.6359721153,0.7536405945],"17":[0.7360445205,0.715691087,0.7904218586],"18":[0.7153253425,0.7429576256,0.786818796],"19":[0.7254280822,0.7261165282,0.8184957214]}}