{"train_loss":{"0":0.9608208028,"1":0.9184183598,"2":0.8896114419,"3":0.8716473754,"4":0.8629830344,"5":0.856839934,"6":0.8538720654,"7":0.8512442067,"8":0.8479473396,"9":0.8453948756,"10":0.8429622197,"11":0.8410944503,"12":0.837919817,"13":0.8361583282,"14":0.8332110142,"15":0.8313981189,"16":0.8283885976,"17":0.8258718742,"18":0.8237896716,"19":0.8208472365},"train_acc":{"0":0.6050323125,"1":0.5896913895,"2":0.594138671,"3":0.6011699506,"4":0.6057641577,"5":0.6088707433,"6":0.6110061731,"7":0.6125383175,"8":0.6131132195,"9":0.6142947461,"10":0.614599728,"11":0.6162359447,"12":0.6161730561,"13":0.6175204304,"14":0.6173924271,"15":0.6181081328,"16":0.6192039527,"17":0.6196892524,"18":0.6204450287,"19":0.6214178541},"train_f1":{"0":0.7282903594,"1":0.7155685828,"2":0.7185916191,"3":0.7238752587,"4":0.7273835957,"5":0.7297454889,"6":0.7313882924,"7":0.7325406539,"8":0.7329418804,"9":0.7337885215,"10":0.7340324259,"11":0.7352419776,"12":0.7351758567,"13":0.7361822213,"14":0.7360661913,"15":0.7366094557,"16":0.7373784174,"17":0.7377255606,"18":0.7382712258,"19":0.7390123224},"train_class_acc":{"0":[0.5570121732,0.6082319221,0.4529565852],"1":[0.5980455713,0.5905027565,0.51440718],"2":[0.6251290547,0.5942859024,0.5277622708],"3":[0.6308434776,0.6012846067,0.5395714347],"4":[0.6306754064,0.6058772718,0.5527976983],"5":[0.6325482004,0.6089594501,0.559926139],"6":[0.6333165262,0.6111050805,0.5637480139],"7":[0.6334605873,0.6126548307,0.566453386],"8":[0.6385027252,0.6130942345,0.5691158157],"9":[0.6425844558,0.6141595434,0.5737535964],"10":[0.6415760282,0.6144984791,0.5738824237],"11":[0.6451295349,0.6160851831,0.5757718899],"12":[0.6470503493,0.6159321713,0.5788637437],"13":[0.6485149703,0.6172798304,0.5799802465],"14":[0.6506278662,0.617076007,0.581483231],"15":[0.6517803549,0.6177815938,0.5821703096],"16":[0.6556940143,0.6187816561,0.5853480483],"17":[0.6576868592,0.6192060475,0.5876669386],"18":[0.6597757449,0.6199185631,0.589255808],"19":[0.6596797042,0.6209047677,0.5911452742]},"valid_loss":{"0":0.9256044632,"1":0.8964500787,"2":0.8725960526,"3":0.8584738647,"4":0.8524022189,"5":0.8679377293,"6":0.8605311001,"7":0.8511721258,"8":0.8398182747,"9":0.8411163707,"10":0.837929432,"11":0.8323833107,"12":0.8515545246,"13":0.828040537,"14":0.8251921186,"15":0.8281385624,"16":0.8217497831,"17":0.8217557995,"18":0.8222986451,"19":0.8136549825},"valid_acc":{"0":0.5798122249,"1":0.6547300895,"2":0.5942342904,"3":0.6174815277,"4":0.6454010674,"5":0.7311646993,"6":0.6132273689,"7":0.6151518693,"8":0.557383095,"9":0.6634617632,"10":0.600109081,"11":0.5882971678,"12":0.646720428,"13":0.649481216,"14":0.5856714325,"15":0.6914722038,"16":0.5939745737,"17":0.6899814303,"18":0.5662654044,"19":0.5816821847},"valid_f1":{"0":0.7085721916,"1":0.7650218524,"2":0.718188652,"3":0.7363525591,"4":0.7579229588,"5":0.8185244307,"6":0.7325525205,"7":0.7358578161,"8":0.6885587255,"9":0.7706451112,"10":0.7224941096,"11":0.7134121924,"12":0.7579258754,"13":0.7603646994,"14":0.7112713849,"15":0.7904037334,"16":0.7183970691,"17":0.789486127,"18":0.695898281,"19":0.7081566443},"valid_class_acc":{"0":[0.5427399134,0.5810276893,0.5544135429],"1":[0.5898108047,0.6585177983,0.4860943168],"2":[0.7025302029,0.5932173262,0.4788391778],"3":[0.6791657169,0.6176369988,0.4967754938],"4":[0.5936858901,0.6479064043,0.5493752519],"5":[0.4860952815,0.7393475339,0.5521966949],"6":[0.7462958742,0.61207275,0.4643288996],"7":[0.5348757693,0.6167105217,0.6404675534],"8":[0.6573968543,0.5543160633,0.6100362757],"9":[0.6502165489,0.6655821858,0.5282144297],"10":[0.7192842489,0.5982644715,0.5274083031],"11":[0.6856621837,0.5862391226,0.5701330109],"12":[0.7508547983,0.6471496018,0.430471584],"13":[0.6542056075,0.6506858354,0.550987505],"14":[0.6828128562,0.5832765507,0.5931076179],"15":[0.6652609984,0.6947123477,0.4953647723],"16":[0.6293594712,0.5926328916,0.6318016929],"17":[0.6442899476,0.6933468714,0.5189439742],"18":[0.6444039207,0.5632603374,0.6529625151],"19":[0.6674264873,0.579085858,0.6243450222]}}